{
  "Test": {
    "cdr_mae": 0.29972613099459056,
    "cdr_rmse": 0.32565643096125185,
    "cdr_r2": -0.029683262377090625,
    "cdr_correlation": 0.37089251411408264,
    "mmse_mae": 19.998316983918887,
    "mmse_rmse": 20.31429184050294,
    "mmse_r2": -31.39739936524596,
    "mmse_correlation": -0.2777216450547253,
    "binary_accuracy": 0.5945945945945946,
    "binary_precision": 0.35354273192111035,
    "binary_recall": 0.5945945945945946,
    "binary_f1": 0.44342647732478235,
    "binary_auc": 0.46818181818181814
  }
}